,age,job,marital,education,balance,housing,loan,duration,campaign,pdays,poutcome,y
34,49.0,technician,married,tertiary,1235.0,no,no,0.41019857348464245,3,-1,unknown,no
38,33.0,management,married,secondary,3935.0,yes,no,2.067138584964967,1,342,failure,yes
54,41.61746987951807,blue-collar,married,secondary,2231.0,yes,no,0.07961686803114702,3,-1,unknown,no
65,51.0,blue-collar,divorced,secondary,23.0,yes,no,-0.47672795334180873,1,170,failure,no
89,41.61746987951807,blue-collar,married,secondary,1831.0,yes,no,-0.19855554265533085,2,-1,unknown,no
90,39.0,blue-collar,married,primary,111.0,no,no,-0.20661851108102586,2,-1,unknown,no
94,57.0,blue-collar,married,secondary,1493.0,no,no,-0.0856739846956007,5,-1,unknown,no
101,38.0,management,single,tertiary,493.0,yes,no,1.212463931841296,1,367,failure,yes
103,57.0,services,single,primary,3777.0,yes,no,-0.7549003640282866,2,-1,unknown,no
111,58.0,management,married,tertiary,1517.0,yes,no,-0.9887264483734419,5,-1,unknown,no
120,31.0,admin.,divorced,secondary,189.0,yes,no,1.3535658792909586,1,-1,unknown,yes
134,27.0,technician,single,secondary,769.0,yes,no,0.26103365760928476,2,-1,unknown,no
145,41.61746987951807,management,married,tertiary,16.0,no,yes,1.3535658792909586,2,-1,unknown,yes
162,41.0,admin.,single,secondary,-256.0,no,yes,-0.8758448904137117,3,-1,unknown,no
168,48.0,technician,married,tertiary,31.0,no,no,0.05028386974865333,1,-1,unknown,no
188,36.0,technician,married,secondary,23.0,yes,no,-0.4041612375105536,2,347,failure,no
193,36.0,services,married,secondary,1981.0,no,no,-0.8234355956466942,2,-1,unknown,no
197,38.0,services,married,secondary,1.0,no,yes,-0.4041612375105536,2,-1,unknown,no
205,45.0,technician,married,tertiary,1136.7502401536983,yes,no,-0.4565705322775712,2,-1,unknown,no
218,49.0,blue-collar,married,primary,35.0,yes,yes,2.345310995651445,10,-1,unknown,yes
251,32.0,management,married,tertiary,2349.0,no,no,-0.47672795334180873,5,-1,unknown,no
259,29.0,blue-collar,married,secondary,482.0,no,yes,3.4055913436303387,3,-1,unknown,yes
276,41.61746987951807,housemaid,married,tertiary,11219.0,no,no,1.8010606269170317,2,79,failure,yes
294,47.0,management,married,tertiary,3681.0,no,no,-0.6097669323657764,2,-1,unknown,no
317,50.0,admin.,married,primary,276.0,no,yes,1.5672345425718766,6,-1,unknown,yes
337,33.0,management,single,tertiary,141.0,yes,no,-0.9846949641605944,1,254,failure,no
344,37.0,management,single,unknown,54.0,yes,no,1.220526900266991,1,-1,unknown,yes
365,23.0,student,single,secondary,78.0,no,no,0.059459446966909496,1,-1,unknown,no
373,51.0,technician,married,secondary,-379.0,yes,no,0.035270541689824464,1,-1,unknown,no
381,39.0,blue-collar,married,primary,375.0,yes,no,-0.7065225534741165,1,-1,unknown,no
382,59.0,retired,married,tertiary,9676.0,no,no,-0.07357953205705818,2,-1,unknown,no
383,37.0,services,married,secondary,1328.0,yes,no,0.05028386974865333,2,341,failure,no
394,33.0,blue-collar,married,secondary,43.0,yes,no,0.32150592080199736,2,358,failure,no
411,41.61746987951807,blue-collar,single,secondary,186.0,no,no,0.3618207629304724,1,-1,unknown,no
416,31.0,services,single,secondary,27.0,no,no,0.2690966260349798,2,-1,unknown,no
419,46.0,technician,married,secondary,1322.0,yes,yes,1.0552360475402434,1,-1,unknown,yes
446,31.0,technician,married,secondary,2363.0,yes,no,-0.02117023729004061,1,-1,unknown,no
492,41.61746987951807,admin.,married,secondary,1796.0,no,no,0.17234100492663965,1,91,success,no
494,44.0,technician,single,secondary,244.0,yes,no,5.977678271427047,4,-1,unknown,yes
502,31.0,management,married,tertiary,13.0,no,no,-0.5734835744501489,5,-1,unknown,no
504,41.0,management,married,tertiary,3872.0,no,no,-0.0856739846956007,1,-1,unknown,no
505,31.0,unemployed,married,secondary,296.0,yes,no,0.5069541945929826,3,-1,unknown,no
513,48.0,management,divorced,tertiary,18.0,yes,no,-0.6581447429199465,2,-1,unknown,no
515,45.0,unemployed,divorced,primary,757.0,no,no,-0.6017039639400814,1,325,failure,no
522,43.0,admin.,divorced,secondary,738.0,yes,no,1.3414714266524161,4,191,failure,yes
531,58.0,management,married,primary,76.0,yes,no,-0.7992466903696092,4,-1,unknown,no
557,43.0,management,single,tertiary,134.0,no,no,1.0028267527732257,2,-1,unknown,yes
590,45.0,self-employed,married,tertiary,334.0,no,no,-0.6662077113456415,2,-1,unknown,no
591,39.0,technician,married,secondary,148.0,no,yes,0.6158042683398652,1,-1,unknown,no
606,28.0,blue-collar,married,secondary,12.0,yes,no,-0.005044300438650589,1,-1,unknown,no
613,41.0,self-employed,married,tertiary,231.0,no,no,0.40213560505894747,2,-1,unknown,no
614,39.0,technician,married,tertiary,1161.0,yes,no,-0.06551656363136317,1,336,failure,no
624,31.0,self-employed,married,tertiary,1134.0,no,no,-0.3154685848279085,2,-1,unknown,no
635,33.0,management,divorced,tertiary,28.0,no,yes,-0.39206678487201113,1,-1,unknown,no
636,41.0,blue-collar,divorced,primary,2195.0,yes,no,-0.1663036689525508,5,-1,unknown,no
641,56.0,unknown,married,unknown,1136.7502401536983,no,no,0.8818822263878006,2,-1,unknown,yes
647,46.0,management,divorced,tertiary,6269.0,yes,no,-0.013107268864345599,3,112,failure,no
655,59.0,retired,married,primary,1136.7502401536983,yes,no,-0.5976724797272339,7,-1,unknown,no
673,33.0,management,married,tertiary,188.0,yes,no,-0.6178299007914714,4,-1,unknown,no
675,37.0,technician,married,secondary,64.0,yes,no,-0.053422110992820654,4,278,other,no
679,44.0,housemaid,married,primary,376.0,no,no,-0.17436663737824581,3,-1,unknown,no
684,28.0,services,single,secondary,168.0,no,no,0.38197818399470995,3,140,success,no
694,49.0,management,married,tertiary,143.0,no,no,-0.0856739846956007,2,-1,unknown,no
695,51.0,retired,married,secondary,35.0,no,yes,-0.5210742796831312,4,-1,unknown,no
706,33.0,technician,single,tertiary,123.0,no,no,0.04736499432836698,1,-1,unknown,no
730,38.0,self-employed,single,secondary,1146.0,yes,no,-0.6500817744942514,2,-1,unknown,no
735,30.0,services,single,secondary,566.0,no,no,-0.5734835744501489,1,-1,unknown,no
749,43.0,blue-collar,divorced,primary,49.0,yes,no,-0.6137984165786239,1,-1,unknown,no
766,57.0,management,married,primary,152.0,yes,no,-0.10179992154699072,4,-1,unknown,no
769,52.0,management,married,tertiary,1944.0,yes,no,-0.05745359520566816,3,323,failure,no
795,30.0,management,single,tertiary,162.0,yes,no,-0.26709077427373845,4,-1,unknown,no
803,57.0,housemaid,single,secondary,254.0,no,no,1.7083364900215392,1,-1,unknown,yes
813,31.0,management,married,secondary,466.0,yes,no,-0.35578342695638354,1,-1,unknown,no
822,40.0,self-employed,married,tertiary,13669.0,no,no,-0.4606020164904187,1,136,other,no
830,42.0,management,single,tertiary,1136.7502401536983,no,no,-0.6178299007914714,1,-1,unknown,no
831,47.0,blue-collar,married,secondary,1996.0,no,no,0.05028386974865333,2,-1,unknown,no
837,39.0,services,single,secondary,766.0,yes,no,1.6720531321059116,3,357,other,yes
860,58.0,blue-collar,married,primary,39.0,no,no,-0.3880353006591636,2,-1,unknown,no
868,41.61746987951807,technician,married,secondary,141.0,yes,no,0.18846694177802967,2,-1,unknown,no
877,30.0,management,single,tertiary,19358.0,no,no,0.023176089051281948,2,-1,unknown,no
883,45.0,entrepreneur,married,primary,58.0,yes,no,-0.5372002165345213,3,371,failure,no
892,27.0,student,single,tertiary,5291.0,no,no,-0.2429018689966534,2,92,failure,no
902,58.0,technician,single,secondary,49.0,no,yes,1.5752975109975715,2,-1,unknown,yes
935,46.0,blue-collar,married,primary,294.0,no,no,0.09977428909538455,2,-1,unknown,no
951,55.0,management,married,tertiary,979.0,no,yes,-0.5210742796831312,1,-1,unknown,no
967,41.61746987951807,blue-collar,married,secondary,6411.0,yes,yes,-0.43641311121333365,1,266,failure,no
977,44.0,self-employed,married,tertiary,134.0,no,no,-0.670239195558489,4,-1,unknown,no
993,31.0,admin.,married,secondary,314.0,yes,no,0.10783725752107956,1,-1,unknown,no
994,59.0,housemaid,married,primary,1136.7502401536983,no,no,-0.710554037686964,11,-1,unknown,no
999,20.0,student,single,secondary,291.0,no,no,-0.3235315532536035,5,371,failure,no
1001,31.0,technician,single,tertiary,438.0,yes,no,-0.49285389019319875,2,-1,unknown,no
1004,41.61746987951807,blue-collar,married,secondary,24.0,yes,yes,-0.09373695312129571,3,-1,unknown,no
1024,36.0,blue-collar,married,secondary,2357.0,yes,no,-0.09776843733414321,2,-1,unknown,no
1032,46.0,management,single,primary,538.0,no,no,-0.5412317007473688,3,-1,unknown,no
1052,30.0,admin.,married,secondary,11.0,yes,no,-0.3840038164463161,1,-1,unknown,no
1066,38.0,technician,married,secondary,74.0,no,no,0.027207573264129453,3,-1,unknown,no
1067,44.0,management,married,secondary,8262.0,yes,no,-0.20661851108102586,16,-1,unknown,no
1069,45.0,technician,single,unknown,718.0,yes,yes,-0.8032781745824566,1,172,failure,no
1096,46.0,technician,married,tertiary,217.0,yes,no,-0.4485075638518762,1,346,other,no
1098,37.0,technician,single,secondary,1136.7502401536983,yes,no,-0.7387744271768966,2,-1,unknown,no
1101,28.0,management,married,tertiary,148.0,yes,no,-0.4404445954261812,1,-1,unknown,no
1104,37.0,blue-collar,single,primary,851.0,yes,no,-0.40819272172340115,1,352,failure,no
1109,59.0,technician,married,secondary,1.0,no,no,0.05028386974865333,2,378,failure,no
1110,50.0,blue-collar,divorced,primary,-1.0,no,yes,0.47067083667735504,6,-1,unknown,no
1155,32.0,technician,single,tertiary,259.0,no,no,0.6238672367655602,4,-1,unknown,no
1181,41.61746987951807,services,married,secondary,176.0,yes,no,-0.4041612375105536,1,182,success,no
1189,41.61746987951807,technician,single,secondary,21.0,no,no,0.019144604838434442,2,-1,unknown,no
1197,64.0,management,married,tertiary,679.0,no,no,-0.47269646912896124,3,-1,unknown,no
1210,60.0,admin.,divorced,secondary,174.0,yes,no,-0.04535914256712564,1,364,failure,no
1211,66.0,admin.,single,secondary,1177.0,no,no,0.07961686803114702,4,-1,unknown,no
1217,44.0,blue-collar,married,primary,271.0,yes,yes,-0.6379873218557089,1,-1,unknown,no
1221,30.0,self-employed,married,secondary,1772.0,yes,no,-0.3799723322334686,4,-1,unknown,no
1222,27.0,admin.,single,secondary,15.0,no,yes,-0.303374132189366,1,-1,unknown,no
1223,49.0,management,divorced,tertiary,237.0,yes,yes,-0.7911837219439142,1,103,other,no
1224,27.0,services,single,secondary,21.0,yes,no,-0.3235315532536035,2,-1,unknown,no
1229,27.0,blue-collar,married,primary,-79.0,yes,no,0.5351745840829152,5,-1,unknown,no
1243,69.0,retired,married,primary,579.0,no,no,-0.0897054689084482,1,-1,unknown,no
1245,45.0,admin.,single,secondary,1136.7502401536983,yes,no,-0.8637504377751692,1,-1,unknown,no
1250,33.0,management,divorced,secondary,1897.0,yes,yes,-0.22274444793241588,1,-1,unknown,no
1260,33.0,services,single,secondary,-56.0,no,yes,-0.5372002165345213,5,-1,unknown,no
1261,30.0,blue-collar,married,primary,1.0,yes,yes,-0.694428100835574,2,-1,unknown,no
1262,43.0,blue-collar,married,primary,-98.0,yes,yes,-0.5654206060244539,2,330,other,no
1287,31.0,management,married,tertiary,263.0,yes,no,0.11186874173392707,4,-1,unknown,no
1295,41.61746987951807,management,single,tertiary,172.0,no,no,-0.7468373956025915,2,-1,unknown,no
1302,46.0,blue-collar,married,secondary,494.0,yes,no,1.9018477322382195,1,-1,unknown,yes
1312,80.0,retired,married,secondary,834.0,no,no,0.05028386974865333,1,64,failure,no
1334,32.0,management,single,tertiary,311.0,no,no,2.034886711262187,2,-1,unknown,yes
1341,31.0,services,married,secondary,413.0,yes,no,-0.7549003640282866,1,-1,unknown,no
1343,47.0,technician,married,secondary,1233.0,yes,no,-0.6500817744942514,1,100,other,no
1346,41.61746987951807,admin.,married,secondary,1499.0,yes,no,-0.26709077427373845,1,327,failure,no
1347,29.0,self-employed,married,tertiary,751.0,yes,no,-0.5291372481088263,2,-1,unknown,no
1358,41.0,technician,married,secondary,1136.7502401536983,no,no,-0.6097669323657764,1,-1,unknown,no
1364,41.61746987951807,management,married,tertiary,196.0,yes,no,-0.7428059113897441,3,-1,unknown,no
1366,36.0,management,married,tertiary,-296.0,yes,no,-0.5613891218116064,3,-1,unknown,no
1373,56.0,blue-collar,married,primary,379.0,no,no,-0.7831207535182191,5,-1,unknown,no
1382,41.61746987951807,admin.,married,secondary,299.0,yes,no,-0.17436663737824581,1,321,failure,no
1406,44.0,admin.,single,secondary,2524.0,no,no,-0.686365132409879,1,-1,unknown,no
1435,64.0,retired,married,secondary,1574.0,no,no,0.19652991020372468,3,-1,unknown,no
1441,49.0,unknown,married,unknown,31.0,no,no,2.1638942060733073,2,-1,unknown,yes
1447,45.0,admin.,married,secondary,638.0,yes,no,-0.7145855218998115,9,-1,unknown,no
1451,29.0,services,married,secondary,3748.0,no,no,0.05028386974865333,3,-1,unknown,no
1489,27.0,unknown,single,tertiary,6421.0,no,no,-0.4243186585747912,4,-1,unknown,no
1498,51.0,blue-collar,divorced,primary,837.0,no,no,-0.8516559851366268,2,-1,unknown,no
1500,30.0,services,married,secondary,1743.0,yes,no,-0.2429018689966534,4,-1,unknown,no
1514,32.0,technician,married,secondary,167.0,yes,yes,-0.6984595850484215,3,-1,unknown,no
1517,41.61746987951807,unknown,married,unknown,13.0,no,no,0.05028386974865333,1,-1,unknown,no
1523,41.61746987951807,technician,single,secondary,2178.0,yes,no,-0.8516559851366268,1,-1,unknown,no
1545,56.0,admin.,married,secondary,1136.7502401536983,yes,no,-0.3960982690848586,2,-1,unknown,no
1555,41.61746987951807,entrepreneur,married,tertiary,412.0,yes,yes,-0.35578342695638354,1,-1,unknown,no
1560,52.0,management,married,tertiary,1339.0,yes,no,0.36585224714331993,5,-1,unknown,no
1563,55.0,entrepreneur,married,secondary,24.0,yes,no,0.8173784789822405,13,-1,unknown,yes
1565,45.0,unemployed,divorced,secondary,728.0,yes,yes,-0.5855780270886913,1,-1,unknown,no
1585,42.0,blue-collar,married,secondary,5639.0,yes,no,0.7165913736610529,2,-1,unknown,no
1597,41.61746987951807,self-employed,single,tertiary,876.0,yes,no,0.05028386974865333,2,-1,unknown,no
1604,49.0,management,single,tertiary,151.0,yes,no,0.05028386974865333,3,-1,unknown,no
1605,41.61746987951807,services,married,secondary,-2.0,yes,yes,-0.43641311121333365,2,-1,unknown,no
1615,41.61746987951807,management,married,tertiary,417.0,yes,no,-0.4606020164904187,1,-1,unknown,no
1629,42.0,blue-collar,married,secondary,13.0,yes,no,0.1320261627981646,1,-1,unknown,no
1630,32.0,management,divorced,tertiary,1.0,yes,no,0.5916153630627802,4,-1,unknown,no
1646,38.0,technician,single,tertiary,2273.0,yes,no,-0.12195734261122824,1,-1,unknown,no
1665,51.0,blue-collar,married,secondary,2237.0,yes,no,1.4785418898892313,1,-1,unknown,yes
1671,41.61746987951807,blue-collar,married,primary,624.0,yes,no,-0.3598149111692311,1,-1,unknown,no
1721,60.0,retired,married,secondary,262.0,no,no,0.5674264577856952,4,-1,unknown,no
1732,48.0,management,married,primary,191.0,yes,no,0.6480561420426453,2,-1,unknown,no
1736,40.0,admin.,single,secondary,1.0,yes,no,-0.12598882682407575,1,461,success,no
1753,56.0,services,married,secondary,83.0,no,no,-0.9121282483293393,11,-1,unknown,no
1760,41.61746987951807,technician,married,secondary,1136.7502401536983,yes,no,1.0955508896687183,1,96,success,yes
1762,41.61746987951807,self-employed,single,tertiary,44.0,no,no,0.23281326811935224,2,96,other,no
1765,32.0,blue-collar,single,secondary,2.0,no,no,-0.43641311121333365,2,-1,unknown,no
1773,37.0,unemployed,married,unknown,4565.0,no,no,0.47067083667735504,1,-1,unknown,no
1787,39.0,management,married,tertiary,1136.7502401536983,yes,no,-0.8314985640723892,2,-1,unknown,no
1792,54.0,services,married,primary,8.0,yes,no,-0.4404445954261812,1,-1,unknown,no
1795,41.61746987951807,admin.,single,secondary,283.0,no,no,-0.9282541851807293,12,-1,unknown,no
1797,31.0,technician,single,secondary,125.0,no,no,-0.702491069261269,2,-1,unknown,no
1846,51.0,self-employed,married,secondary,95.0,yes,no,0.05028386974865333,4,-1,unknown,no
1858,41.61746987951807,blue-collar,married,secondary,622.0,yes,no,-0.43238162700048616,1,-1,unknown,no
1868,42.0,management,married,primary,-679.0,yes,yes,-0.3759408480206211,1,343,failure,no
1881,36.0,management,married,tertiary,27359.0,yes,no,-0.7307114587512016,2,-1,unknown,no
1900,19.0,student,single,unknown,1136.7502401536983,no,no,-0.5210742796831312,3,-1,unknown,no
1908,44.0,technician,single,secondary,-27.0,yes,yes,-0.6137984165786239,3,-1,unknown,no
1924,44.0,technician,divorced,secondary,-329.0,yes,no,-0.32756303746645105,1,-1,unknown,no
1931,45.0,blue-collar,married,secondary,4365.0,no,yes,-0.8355300482852367,2,-1,unknown,no
1948,27.0,technician,single,tertiary,383.0,yes,no,-0.03326468992858313,2,-1,unknown,no
1955,46.0,management,divorced,tertiary,-154.0,yes,yes,-0.5855780270886913,2,-1,unknown,no
1962,25.0,unemployed,single,tertiary,343.0,no,no,0.5029227103801351,1,-1,unknown,no
1973,59.0,blue-collar,married,unknown,139.0,no,no,-0.4001297532977061,1,-1,unknown,no
1975,50.0,admin.,divorced,secondary,1111.0,yes,no,-0.8153726272209991,1,-1,unknown,no
1989,45.0,blue-collar,married,secondary,2926.0,yes,yes,0.9262285527291232,3,120,failure,yes
1991,37.0,entrepreneur,divorced,tertiary,66.0,no,no,3.6757007858911215,2,-1,unknown,yes
1997,41.61746987951807,blue-collar,single,secondary,77.0,yes,no,-0.06551656363136317,2,-1,unknown,no
2005,51.0,unemployed,married,secondary,-13.0,yes,no,0.438418962974575,1,364,failure,no
2022,33.0,management,single,tertiary,317.0,no,no,-0.025201721502888116,2,-1,unknown,no
2038,33.0,blue-collar,single,secondary,5137.0,yes,no,-0.5210742796831312,1,-1,unknown,no
2039,43.0,management,married,tertiary,1344.0,yes,no,-0.8718134062008642,4,-1,unknown,no
2041,73.0,retired,married,primary,154.0,no,no,-0.6017039639400814,1,-1,unknown,no
2044,44.0,management,married,tertiary,529.0,yes,no,-0.49688537440604624,4,-1,unknown,no
2053,41.61746987951807,technician,single,secondary,-46.0,yes,no,-0.9242227009678818,1,-1,unknown,no
2055,48.0,technician,married,secondary,568.0,yes,no,0.05028386974865333,2,386,success,no
2108,46.0,blue-collar,divorced,primary,452.0,yes,no,-0.5613891218116064,4,-1,unknown,no
2114,33.0,management,married,tertiary,1412.0,yes,no,0.9181655843034281,1,-1,unknown,yes
2118,51.0,blue-collar,married,primary,3726.0,no,yes,-0.5372002165345213,12,-1,unknown,no
2120,62.0,retired,divorced,tertiary,1136.7502401536983,no,no,-0.10179992154699072,2,-1,unknown,no
2151,51.0,blue-collar,divorced,primary,62.0,yes,no,0.38197818399470995,1,284,failure,no
2163,51.0,technician,married,secondary,149.0,yes,no,-0.10179992154699072,2,-1,unknown,no
2172,31.0,blue-collar,single,primary,-495.0,yes,no,0.32956888922769234,2,-1,unknown,no
2174,41.61746987951807,services,married,secondary,819.0,yes,no,-0.6057354481529289,14,-1,unknown,no
2199,41.61746987951807,admin.,divorced,secondary,148.0,yes,yes,-0.21468147950672087,1,-1,unknown,no
2210,41.61746987951807,entrepreneur,married,tertiary,4343.0,no,no,-0.6742706797713365,4,-1,unknown,no
2219,44.0,technician,married,secondary,2776.0,yes,no,1.809123595342727,1,-1,unknown,yes
2241,41.0,blue-collar,married,primary,389.0,yes,no,-0.6662077113456415,6,-1,unknown,no
2245,45.0,technician,married,secondary,115.0,yes,no,-0.5815465428758438,1,-1,unknown,no
2257,55.0,blue-collar,married,secondary,383.0,no,no,0.1400891312238596,1,-1,unknown,no
2273,44.0,blue-collar,married,primary,-11.0,yes,no,-0.9645375430963569,1,-1,unknown,no
2296,32.0,blue-collar,married,secondary,195.0,yes,no,1.8413754690455069,2,-1,unknown,yes
2307,47.0,management,divorced,tertiary,2515.0,no,no,-0.8556874693494743,3,-1,unknown,no
2321,27.0,services,married,secondary,54.0,yes,no,1.172149089712821,2,-1,unknown,yes
2354,41.61746987951807,management,single,secondary,1136.7502401536983,no,no,-0.4847909217675037,4,-1,unknown,no
2359,36.0,services,single,secondary,417.0,yes,no,-0.9564745746706619,10,207,failure,no
2361,37.0,services,divorced,secondary,532.0,yes,no,-0.21468147950672087,1,-1,unknown,no
2369,45.0,entrepreneur,married,secondary,68.0,yes,no,0.007050152199891927,1,-1,unknown,no
2373,28.0,blue-collar,married,secondary,8.0,yes,no,-0.22677593214526337,1,-1,unknown,no
2378,39.0,blue-collar,married,secondary,1439.0,yes,no,-0.7226484903255066,6,-1,unknown,no
2385,47.0,services,married,secondary,3333.0,yes,yes,-0.5573576375987588,2,-1,unknown,no
2386,33.0,technician,married,tertiary,16992.0,yes,no,-0.7831207535182191,1,-1,unknown,no
2390,41.61746987951807,retired,single,secondary,366.0,no,yes,-0.07357953205705818,2,-1,unknown,no
2403,42.0,technician,married,secondary,148.0,yes,no,-0.9242227009678818,2,-1,unknown,no
2409,32.0,admin.,single,secondary,1649.0,no,no,-0.19452405844248333,2,-1,unknown,no
2441,36.0,admin.,married,secondary,957.0,yes,no,-0.18646109001678832,1,-1,unknown,no
2444,41.61746987951807,management,married,secondary,724.0,yes,no,0.1400891312238596,2,415,failure,no
2457,50.0,unemployed,divorced,secondary,32.0,no,no,0.11993171015962208,2,-1,unknown,no
2458,47.0,admin.,married,secondary,31.0,yes,yes,-0.5009168586188938,6,-1,unknown,no
2471,22.0,student,single,secondary,2488.0,no,no,0.7931895737051555,2,38,other,yes
2487,31.0,unknown,divorced,tertiary,137.0,no,no,0.5351745840829152,9,-1,unknown,no
2489,55.0,retired,married,primary,-966.0,no,yes,0.05028386974865333,1,-1,unknown,no
2495,38.0,self-employed,single,tertiary,917.0,yes,no,0.03123905747697696,1,-1,unknown,no
2509,41.0,blue-collar,married,primary,1136.7502401536983,yes,no,-0.08164250048275319,3,-1,unknown,no
2518,30.0,technician,single,secondary,175.0,no,no,-0.34368897431784107,4,-1,unknown,no
2527,36.0,services,single,secondary,398.0,yes,yes,-0.7065225534741165,2,-1,unknown,no
2529,48.0,management,single,tertiary,816.0,no,no,-0.5130113112574363,1,111,failure,no
2530,33.0,management,single,tertiary,1136.7502401536983,no,no,-0.8032781745824566,4,-1,unknown,no
2538,44.0,management,married,secondary,-1746.0,yes,no,-0.13808327946261825,1,-1,unknown,no
2560,44.0,blue-collar,married,secondary,171.0,yes,no,-0.4404445954261812,3,357,failure,no
2582,32.0,blue-collar,married,secondary,9.0,yes,no,0.32956888922769234,2,-1,unknown,no
2598,36.0,blue-collar,single,primary,367.0,yes,no,-0.14211476367546577,1,221,failure,no
2600,45.0,management,divorced,tertiary,959.0,no,no,-0.718617006112659,1,-1,unknown,no
2603,26.0,management,single,tertiary,-8.0,no,no,0.6037098157013228,2,-1,unknown,no
2604,57.0,management,married,unknown,1136.7502401536983,no,no,1.3414714266524161,1,-1,unknown,yes
2617,41.0,services,married,secondary,171.0,no,no,-0.7307114587512016,9,-1,unknown,no
2625,42.0,blue-collar,married,primary,2111.0,yes,no,-0.670239195558489,2,-1,unknown,no
2628,31.0,blue-collar,divorced,secondary,-452.0,yes,no,-0.2832167111251285,5,-1,unknown,no
2643,56.0,retired,divorced,secondary,212.0,no,yes,-0.9080967641164918,1,-1,unknown,no
2660,32.0,unemployed,married,secondary,1.0,yes,no,1.0028267527732257,4,-1,unknown,yes
2670,46.0,admin.,married,secondary,1136.7502401536983,yes,yes,-0.053422110992820654,2,259,failure,no
2672,39.0,services,married,secondary,-54.0,no,no,-0.9000337956907968,1,-1,unknown,no
2696,55.0,management,divorced,tertiary,9756.0,yes,no,-0.6017039639400814,2,95,other,no
2698,41.61746987951807,management,married,tertiary,697.0,no,no,-0.34772045853068856,1,-1,unknown,no
2723,41.61746987951807,technician,single,tertiary,9851.0,yes,no,0.05028386974865333,5,-1,unknown,no
2726,31.0,management,married,secondary,1368.0,yes,no,-0.49688537440604624,4,-1,unknown,no
2735,47.0,entrepreneur,married,tertiary,459.0,yes,no,-0.2549963216351959,4,-1,unknown,no
2743,41.61746987951807,technician,married,secondary,167.0,no,yes,-0.295311163763671,6,-1,unknown,no
2745,41.61746987951807,management,married,tertiary,1657.0,yes,no,1.2648732266083136,2,356,failure,yes
2753,41.61746987951807,management,married,tertiary,133.0,yes,no,0.05028386974865333,1,-1,unknown,no
2761,41.61746987951807,blue-collar,divorced,secondary,1136.7502401536983,yes,no,0.9060711316648856,1,-1,unknown,yes
2765,41.61746987951807,retired,married,secondary,695.0,yes,yes,0.6359616894041028,5,-1,unknown,no
2768,54.0,services,married,secondary,88.0,yes,no,-0.25096483742234843,1,-1,unknown,no
2785,41.0,technician,married,secondary,92.0,no,no,-0.8758448904137117,6,-1,unknown,no
2794,44.0,blue-collar,married,secondary,191.0,yes,no,-0.8516559851366268,1,-1,unknown,no
2798,36.0,blue-collar,married,secondary,141.0,yes,no,-0.5896095113015388,3,-1,unknown,no
2799,43.0,management,married,tertiary,2886.0,no,no,-0.0897054689084482,1,-1,unknown,no
2811,44.0,blue-collar,married,primary,134.0,yes,no,0.5069541945929826,1,-1,unknown,no
2820,41.61746987951807,management,married,tertiary,1116.0,yes,no,-0.8032781745824566,5,-1,unknown,no
2835,37.0,management,married,tertiary,489.0,yes,no,-0.19049257422963584,5,-1,unknown,no
2837,43.0,blue-collar,married,secondary,699.0,yes,yes,4.054660301898787,2,122,other,yes
2841,32.0,technician,single,tertiary,741.0,yes,no,-0.05745359520566816,1,-1,unknown,no
2844,46.0,admin.,married,secondary,12.0,yes,no,-0.9363171536064243,11,-1,unknown,no
2853,33.0,technician,married,secondary,935.0,yes,no,0.6238672367655602,2,-1,unknown,no
2866,36.0,admin.,married,secondary,1136.7502401536983,yes,yes,-0.6097669323657764,2,-1,unknown,no
2869,49.0,services,married,secondary,28.0,yes,no,-0.3638463953820786,3,-1,unknown,no
2896,80.0,retired,married,primary,1548.0,no,no,0.31747443658914987,2,-1,unknown,no
2916,32.0,admin.,single,secondary,1218.0,yes,no,-0.41625569014909614,2,-1,unknown,no
2926,33.0,blue-collar,married,tertiary,1465.0,no,no,-0.6218613850043189,4,-1,unknown,no
2946,45.0,admin.,married,secondary,-388.0,yes,no,-0.311437100615061,2,-1,unknown,no
2947,40.0,self-employed,married,tertiary,163.0,no,no,0.10783725752107956,1,-1,unknown,no
2954,51.0,services,married,secondary,1136.7502401536983,no,yes,1.260841742395466,3,-1,unknown,yes
2965,41.61746987951807,blue-collar,married,primary,3587.0,yes,no,-0.4202871743619436,4,-1,unknown,no
2975,48.0,technician,single,tertiary,-551.0,yes,no,-0.3396574901049935,2,-1,unknown,no
2983,41.61746987951807,retired,married,secondary,1278.0,yes,no,-0.3154685848279085,3,-1,unknown,no
2989,42.0,entrepreneur,married,tertiary,4245.0,yes,no,-0.19049257422963584,2,-1,unknown,no
3012,36.0,services,married,secondary,-11.0,yes,no,-0.3235315532536035,28,-1,unknown,no
3013,49.0,technician,married,tertiary,523.0,yes,no,-0.4041612375105536,2,-1,unknown,no
3027,40.0,management,married,tertiary,1136.7502401536983,no,no,-0.4243186585747912,1,96,success,no
3035,55.0,unemployed,married,tertiary,489.0,yes,no,-0.11792585839838074,2,186,other,no
3038,49.0,services,married,secondary,221.0,yes,no,-0.07761101626990569,3,-1,unknown,no
3043,40.0,blue-collar,married,primary,1397.0,yes,no,-0.7831207535182191,2,334,failure,no
3045,41.61746987951807,technician,married,tertiary,3177.0,no,no,-0.6460502902814039,2,-1,unknown,no
3056,23.0,services,single,secondary,5.0,yes,no,-0.5694520902373014,3,-1,unknown,no
3064,43.0,management,single,tertiary,1696.0,yes,no,0.019144604838434442,1,474,failure,no
3092,46.0,management,married,tertiary,523.0,yes,no,-0.5936409955143864,4,366,failure,no
3109,41.61746987951807,management,single,tertiary,1136.7502401536983,no,yes,0.47470232089020253,4,-1,unknown,no
3137,42.0,blue-collar,married,secondary,368.0,yes,yes,0.7125598894482054,2,-1,unknown,no
3146,32.0,housemaid,married,tertiary,357.0,yes,no,-0.311437100615061,2,-1,unknown,no
3150,41.61746987951807,technician,married,secondary,9146.0,no,no,-0.4686649849161137,4,-1,unknown,no
3156,23.0,admin.,single,secondary,589.0,yes,no,-0.7669948166668291,1,-1,unknown,no
3161,41.61746987951807,technician,married,secondary,556.0,yes,no,0.837535900046478,2,-1,unknown,yes
3171,28.0,blue-collar,single,primary,1199.0,yes,no,3.058883701325453,20,-1,unknown,yes
3175,38.0,admin.,divorced,secondary,156.0,yes,no,1.1761805739256685,3,-1,unknown,yes
3193,41.61746987951807,retired,divorced,primary,86.0,no,no,-0.2429018689966534,1,-1,unknown,no
3200,41.61746987951807,student,single,unknown,3298.0,yes,no,-0.10179992154699072,1,-1,unknown,no
3215,40.0,technician,married,secondary,99.0,yes,no,-0.0010128162258030832,3,-1,unknown,no
3234,39.0,management,single,tertiary,3797.0,no,no,-0.629924353430014,2,-1,unknown,no
3256,36.0,management,married,tertiary,495.0,no,no,-0.1582407005268558,3,182,success,no
3272,44.0,services,single,secondary,545.0,yes,no,-0.9363171536064243,6,175,other,no
3283,45.0,blue-collar,married,primary,2128.0,yes,no,-0.41625569014909614,4,-1,unknown,no
3313,36.0,services,married,primary,179.0,no,no,0.6399931736169503,1,-1,unknown,no
3334,46.0,unemployed,divorced,primary,23.0,no,no,0.3698837313561674,1,-1,unknown,no
3359,25.0,unemployed,single,secondary,34.0,yes,yes,0.2570021733964373,1,-1,unknown,no
3367,27.0,admin.,married,secondary,897.0,no,no,0.5835523946370852,1,-1,unknown,no
3406,41.61746987951807,admin.,single,secondary,926.0,yes,yes,-0.2469333532095009,1,-1,unknown,no
3446,38.0,services,married,secondary,8876.0,no,no,0.11186874173392707,1,75,failure,no
3455,33.0,technician,divorced,secondary,-35.0,no,yes,-0.5775150586629964,1,-1,unknown,no
3457,30.0,management,single,tertiary,6164.0,yes,no,-0.4041612375105536,11,-1,unknown,no
3482,59.0,retired,married,secondary,576.0,yes,no,0.8818822263878006,2,-1,unknown,yes
3506,54.0,management,married,tertiary,3.0,no,yes,0.7690006684280705,1,-1,unknown,yes
3534,47.0,admin.,single,secondary,1544.0,yes,no,-0.5976724797272339,1,312,failure,no
3542,36.0,services,married,secondary,1746.0,yes,no,-0.6178299007914714,1,-1,unknown,no
3549,47.0,blue-collar,married,primary,292.0,no,yes,-0.1703351531653983,3,-1,unknown,no
3553,68.0,retired,married,secondary,19317.0,yes,no,-0.013107268864345599,1,-1,unknown,no
3554,43.0,technician,married,secondary,5.0,no,no,-0.7629633324539816,1,-1,unknown,no
3556,49.0,technician,married,tertiary,3726.0,no,no,2.5106018483781924,2,-1,unknown,yes
3577,32.0,management,married,tertiary,1136.7502401536983,no,no,-0.5976724797272339,9,-1,unknown,no
3595,30.0,blue-collar,single,secondary,447.0,no,no,-0.6017039639400814,6,-1,unknown,no
3598,43.0,admin.,married,secondary,3215.0,yes,no,-0.09776843733414321,3,-1,unknown,no
3604,36.0,technician,married,tertiary,1136.7502401536983,no,no,-0.4243186585747912,2,-1,unknown,no
3609,55.0,management,married,tertiary,1136.7502401536983,yes,no,-0.3759408480206211,2,-1,unknown,no
3626,41.61746987951807,technician,married,secondary,114.0,yes,yes,-0.4001297532977061,1,309,other,no
3630,44.0,technician,divorced,unknown,759.0,yes,no,0.5835523946370852,1,-1,unknown,no
3652,29.0,admin.,single,secondary,17.0,yes,no,-0.8960023114779493,1,357,other,no
3656,33.0,student,single,unknown,5969.0,no,no,-0.3880353006591636,2,127,failure,no
3664,41.61746987951807,technician,married,secondary,351.0,yes,no,0.8657562895364106,1,-1,unknown,yes
3673,36.0,entrepreneur,married,tertiary,357.0,no,no,10.146232947511368,4,-1,unknown,yes
3682,43.0,management,divorced,tertiary,497.0,no,no,-0.750868879815439,1,363,failure,no
3696,31.0,services,single,secondary,31.0,yes,yes,1.0028267527732257,2,-1,unknown,yes
3709,44.0,entrepreneur,married,secondary,6649.0,yes,no,0.41019857348464245,2,-1,unknown,no
3722,29.0,self-employed,married,secondary,-76.0,yes,no,0.2126558470551147,2,-1,unknown,no
3725,49.0,unemployed,married,primary,-384.0,yes,no,-0.9161597325421869,1,-1,unknown,no
3726,45.0,technician,married,unknown,473.0,yes,no,-0.4243186585747912,1,-1,unknown,no
3729,42.0,entrepreneur,married,primary,149.0,no,no,-0.6379873218557089,2,-1,unknown,no
3731,52.0,retired,married,secondary,424.0,no,no,-0.4404445954261812,1,154,failure,no
3732,41.61746987951807,blue-collar,single,secondary,79.0,no,yes,-0.5976724797272339,1,-1,unknown,no
3744,26.0,admin.,single,secondary,321.0,yes,no,-0.04132765835427814,7,-1,unknown,no
3750,79.0,retired,divorced,unknown,2628.0,no,no,-0.13002031103692324,7,450,failure,no
3751,39.0,technician,married,secondary,116.0,no,no,-0.6984595850484215,2,94,success,no
3756,42.0,services,married,secondary,96.0,yes,no,-0.05745359520566816,3,340,failure,no
3758,31.0,blue-collar,married,secondary,472.0,yes,no,2.6396093431893126,2,-1,unknown,yes
3774,41.61746987951807,blue-collar,married,secondary,1298.0,yes,no,0.05028386974865333,1,-1,unknown,no
3795,39.0,services,married,secondary,5731.0,yes,no,-0.311437100615061,2,-1,unknown,no
3797,30.0,technician,single,tertiary,2325.0,yes,no,0.07155389960545201,3,241,other,no
3799,31.0,blue-collar,married,secondary,1664.0,yes,no,-0.3799723322334686,1,182,success,no
3829,41.0,admin.,divorced,secondary,-365.0,yes,no,-0.10583140575983822,10,-1,unknown,no
3845,31.0,blue-collar,married,secondary,1495.0,yes,yes,-0.3759408480206211,3,-1,unknown,no
3846,49.0,admin.,married,secondary,381.0,no,no,1.0149212054117682,2,-1,unknown,yes
3848,26.0,management,single,tertiary,1274.0,yes,no,-0.25096483742234843,1,84,failure,no
3871,30.0,unemployed,married,secondary,142.0,yes,no,0.3940726366332524,4,-1,unknown,no
3875,27.0,housemaid,married,secondary,4848.0,yes,yes,-0.686365132409879,3,-1,unknown,no
3881,44.0,technician,single,secondary,1679.0,no,no,1.8776588269611345,1,-1,unknown,yes
3882,38.0,management,married,tertiary,1198.0,yes,no,-0.7629633324539816,1,-1,unknown,no
3895,31.0,technician,married,secondary,376.0,yes,no,-0.49688537440604624,1,-1,unknown,no
3902,55.0,blue-collar,married,secondary,111.0,yes,no,-0.5654206060244539,2,-1,unknown,no
3905,41.61746987951807,blue-collar,married,secondary,1136.7502401536983,no,no,-0.6379873218557089,1,-1,unknown,no
3910,49.0,admin.,married,secondary,1444.0,yes,no,-0.7750577850925241,1,-1,unknown,no
3916,38.0,entrepreneur,married,tertiary,1136.7502401536983,yes,no,-0.27112225848658594,3,-1,unknown,no
3924,44.0,services,married,secondary,1989.0,yes,yes,-0.5896095113015388,2,-1,unknown,no
3932,25.0,management,married,tertiary,-242.0,yes,yes,1.4019436898451287,4,332,other,yes
3938,32.0,services,married,secondary,162.0,yes,no,0.18040397335233466,2,-1,unknown,no
3941,58.0,blue-collar,married,primary,1136.7502401536983,yes,no,1.139897216010041,2,-1,unknown,yes
3946,28.0,admin.,married,secondary,934.0,yes,no,-0.8032781745824566,2,-1,unknown,no
3947,48.0,blue-collar,married,secondary,-19.0,no,yes,0.07155389960545201,1,-1,unknown,no
3959,54.0,retired,divorced,primary,22.0,no,no,-0.9242227009678818,4,-1,unknown,no
3965,58.0,retired,married,primary,592.0,no,no,-0.21468147950672087,6,-1,unknown,no
3976,48.0,management,married,tertiary,-13.0,yes,no,-0.9363171536064243,6,291,other,no
3983,40.0,technician,divorced,tertiary,1871.0,yes,no,-0.7589318482411341,1,-1,unknown,no
3991,31.0,admin.,single,secondary,5527.0,yes,no,-0.4847909217675037,1,-1,unknown,no
4001,36.0,technician,married,secondary,191.0,no,no,-0.7387744271768966,1,-1,unknown,no
4005,55.0,blue-collar,married,primary,186.0,yes,no,-0.42835014278763867,1,272,failure,no
4006,55.0,blue-collar,married,secondary,471.0,yes,no,-0.7831207535182191,2,-1,unknown,no
4009,38.0,housemaid,divorced,secondary,7.0,no,no,0.011081636412739434,3,148,success,no
4011,41.0,technician,married,secondary,162.0,yes,no,-0.4444760796390287,1,-1,unknown,no
4013,39.0,technician,married,unknown,839.0,no,no,2.3090276377358174,2,-1,unknown,yes
4036,40.0,technician,married,secondary,4441.0,yes,no,-0.4001297532977061,2,183,failure,no
4037,42.0,management,divorced,tertiary,1136.7502401536983,no,no,-0.48882240598035126,2,-1,unknown,no
4051,69.0,retired,married,primary,279.0,no,no,-0.9121282483293393,1,-1,unknown,no
4055,29.0,management,single,tertiary,1673.0,no,no,-0.21064999529387335,2,159,other,no
4057,28.0,blue-collar,married,secondary,1.0,yes,yes,-0.4847909217675037,2,-1,unknown,no
4067,41.61746987951807,technician,married,secondary,26.0,no,no,0.05028386974865333,6,-1,unknown,no
4085,41.61746987951807,management,married,tertiary,1136.7502401536983,yes,no,0.17234100492663965,3,-1,unknown,no
4088,42.0,blue-collar,married,primary,26.0,yes,no,-0.311437100615061,2,-1,unknown,no
4105,39.0,entrepreneur,married,secondary,1136.7502401536983,no,no,-0.5815465428758438,7,-1,unknown,no
4137,59.0,unknown,married,unknown,394.0,no,no,-0.8234355956466942,2,-1,unknown,no
4141,37.0,management,married,tertiary,1136.7502401536983,no,no,-0.49688537440604624,4,107,failure,no
4151,32.0,services,single,secondary,2478.0,no,yes,0.5754894262113902,1,-1,unknown,no
4162,56.0,technician,divorced,tertiary,41.0,yes,no,-0.9121282483293393,1,-1,unknown,no
4165,59.0,management,married,tertiary,1881.0,no,no,0.05028386974865333,2,-1,unknown,no
4205,44.0,services,divorced,secondary,1136.7502401536983,yes,yes,-0.6258928692171665,1,-1,unknown,no
4213,30.0,technician,single,secondary,-522.0,yes,yes,1.6841475847444543,2,286,failure,yes
4217,38.0,unemployed,married,tertiary,2812.0,yes,no,2.329185058800055,1,-1,unknown,yes
4220,33.0,blue-collar,single,secondary,-416.0,yes,no,2.075201553390662,2,-1,unknown,yes
4240,45.0,admin.,married,secondary,-547.0,yes,no,-0.15420921631400827,2,-1,unknown,no
4250,32.0,management,single,tertiary,2.0,yes,no,-0.6137984165786239,2,-1,unknown,no
4261,58.0,retired,married,secondary,3382.0,no,yes,0.16830952071379215,2,309,failure,no
4263,25.0,student,married,tertiary,1.0,yes,no,2.4380351325469376,4,-1,unknown,yes
4270,37.0,management,divorced,tertiary,896.0,no,yes,0.36585224714331993,2,-1,unknown,no
4275,41.61746987951807,management,married,tertiary,15.0,no,no,2.696050122169178,2,-1,unknown,yes
4282,41.61746987951807,admin.,divorced,secondary,-251.0,no,no,1.5672345425718766,1,-1,unknown,yes
4283,46.0,services,divorced,secondary,5.0,yes,yes,0.2126558470551147,2,-1,unknown,no
4298,26.0,admin.,single,secondary,3529.0,no,yes,-0.7871522377310667,2,-1,unknown,no
4310,36.0,management,married,tertiary,1852.0,yes,no,0.4424504471874225,1,-1,unknown,no
4312,30.0,services,single,secondary,2.0,yes,no,0.6117727841270177,6,340,failure,no
4342,50.0,blue-collar,married,unknown,2284.0,yes,no,3.3693079857147112,17,-1,unknown,yes
4352,47.0,blue-collar,married,primary,2642.0,no,no,0.23281326811935224,2,-1,unknown,no
4368,54.0,services,divorced,secondary,112.0,yes,no,-0.8839078588394068,3,175,other,no
4374,45.0,services,divorced,primary,3854.0,yes,no,-0.9766319957348993,3,-1,unknown,no
4384,52.0,management,single,tertiary,4.0,no,yes,-0.8960023114779493,9,-1,unknown,no
4407,45.0,admin.,divorced,secondary,59.0,yes,no,2.5025388799524975,8,-1,unknown,yes
4426,41.0,admin.,married,tertiary,1536.0,no,no,-0.7992466903696092,2,-1,unknown,no
4441,38.0,management,married,tertiary,12877.0,no,no,-0.5412317007473688,3,-1,unknown,no
4442,39.0,blue-collar,married,primary,156.0,yes,no,0.18846694177802967,2,-1,unknown,no
4446,22.0,student,single,secondary,246.0,yes,no,-0.9161597325421869,1,-1,unknown,no
4448,44.0,unemployed,married,secondary,34.0,yes,no,-0.49688537440604624,2,-1,unknown,no
4460,40.0,technician,married,secondary,-396.0,yes,no,-0.5049483428317413,1,-1,unknown,no
4470,31.0,technician,single,tertiary,1166.0,yes,no,-0.18242960580394083,1,-1,unknown,no
4471,59.0,management,married,unknown,3534.0,no,no,-0.14614624788831326,4,-1,unknown,no
4473,33.0,technician,married,secondary,479.0,yes,no,-0.4646335007032662,1,272,failure,no
4477,32.0,management,single,tertiary,577.0,no,no,-0.6097669323657764,2,-1,unknown,no
4482,46.0,admin.,married,secondary,466.0,yes,no,0.05028386974865333,1,-1,unknown,no
